use dummy

INSERT INTO Store (storeId) VALUES (1);
GO

INSERT INTO Item (itemCID, itemName)
VALUES
  ('00001', 'φραπες'),
  ('00002', 'λεμοναδα'),
  ('00003', 'πιτσα οικογενειακοι'),
  ('00004', 'πορτοκαλαδα μεγαλη 500''ml'),
  ('00005', 'crate full of coca colas'),
  ('00006', 'Grash fed roasted beef that has received daily massages'),
  ('00007', 'Vodka'),
  ('00008', 'Lemons'),
  ('00009', 'Apples'),
  ('00010', 'Bannana');
GO

INSERT INTO stockMovesLog (storeID, moveDate)
VALUES
  (1, '2022-01-01 00:30:00'),
  (1, '2022-01-02 00:30:00'),
  (1, '2022-01-03 00:30:00'),
  (1, '2022-01-04 00:30:00'),
  (1, '2022-01-05 00:30:00'),
  (1, '2022-02-06 00:30:00'),
  (1, '2022-02-07 00:30:00'),
  (1, '2022-02-08 00:30:00'),
  (1, '2022-02-09 00:30:00'),
  (1, '2022-03-10 00:30:00'),
  (1, '2022-03-11 00:30:00'),
  (1, '2022-03-12 00:30:00'),
  (1, '2022-03-13 00:30:00'),
  (1, '2022-03-14 00:30:00'),
  (1, '2022-04-15 00:30:00'),
  (1, '2022-04-16 00:30:00'),
  (1, '2022-04-17 00:30:00'),
  (1, '2022-04-18 00:30:00'),
  (1, '2022-05-19 00:30:00'),
  (1, '2022-05-20 00:30:00'),
  (1, '2022-05-21 00:30:00');
GO

INSERT INTO stockMoves (moveID, storeID, itemCID, itemName, stockBefore, stockIncrease, stockAfter)
VALUES
  (1, 1, '00001', 'φραπες', 0, 10, 10),
  (1, 1, '00002', 'λεμοναδα', 0, 25, 25),
  (2, 1, '00003', 'πιτσα οικογενειακοι', 0, 33, 33),
  (3, 1, '00004', 'πορτοκαλαδα μεγαλη 500''ml', 0, 250.25, 250.25),
  (3, 1, '00005', 'crate full of coca colas', 0 33.270, 33.270),
  (3, 1, '00006', 'Grash fed roasted beef that has received daily massages', 0, 25, 25),
  (4, 1, '00007', 'Vodka', 0, 23.45, 23.45),
  (5, 1, '00008', 'Lemons', 0, 40, 40),
  (6, 1, '00009', 'Apples', 0, 50, 50),
  (7, 1, '00010', 'Bannana', 0, 9, 9),
  (8, 1, '00007', 'Vodka', 0, 15, 15),
  (8, 1, '00007', 'Apples', 0, 15, 15),
  (8, 1, '00007', 'Lemons', 0, 15, 15),
  (8, 1, '00007', 'Bannana', 0, 15, 15),
  (8, 1, '00007', 'Vodka', 0, 15, 15),
  (8, 1, '00007', 'Vodka', 0, 15, 15),
  (8, 1, '00007', 'Vodka', 0, 15, 15),
  (8, 1, '00007', 'Vodka', 0, 15, 15),
  (8, 1, '00007', 'Vodka', 0, 15, 15),
  (8, 1, '00007', 'Vodka', 0, 15, 15),
  (8, 1, '00007', 'Vodka', 0, 15, 15),
  (8, 1, '00007', 'Vodka', 0, 15, 15),
  (8, 1, '00007', 'Vodka', 0, 15, 15),
  (8, 1, '00007', 'Vodka', 0, 15, 15);
GO
